{
  "Version": "2012-10-17",
  "Statement": [
    {
      "Effect": "Allow",
      "Action": [
        "deepracer:*",
        "robomaker:*",
        "sagemaker:*",
        "iam:List*",
        "iam:Get*"
      ],
      "Resource": "*",
      "Condition": {
        "StringNotEquals": {
          "aws:RequestedRegion": [
            "us-east-1"
          ]
        }
      }
    },
    {
      "Effect": "Allow",
      "Action": [
        "iam:PassRole"
      ],
      "Resource": [
        "arn:aws:iam::*:role/AmazonSageMaker-ExecutionRole-wkshop",
        "arn:aws:iam::*:role/AWSDeepRacer*",
        "arn:aws:iam::*:role/AmazonSageMaker*",
        "arn:aws:iam::*:role/service-role/AmazonSageMaker*",
        "arn:aws:iam::*:role/service-role/AWSDeepRacer*"
      ]
    },
    {
      "Effect": "Allow",
      "Action": [
        "cloudwatch:GetMetricData",
        "cloudwatch:ListMetrics",
        "logs:DescribeLogStreams",
        "logs:DescribeLogGroups",
        "logs:GetLogEvents"
      ],
      "Resource": "*",
      "Condition": {
        "StringNotEquals": {
          "aws:RequestedRegion": [
            "us-east-1"
          ]
        }
      }
    },
    {
      "Effect": "Allow",
      "Action": [
        "s3:*"
      ],
      "Resource": [
        "*"
      ],
      "Condition": {
        "StringNotEquals": {
          "aws:RequestedRegion": [
            "us-east-1"
          ]
        }
      }
    },
    {
      "Effect": "Allow",
      "Action": [
        "kinesisvideo:Get*",
        "kinesisvideo:Describe*",
        "kinesisvideo:List*"
      ],
      "Resource": "*",
      "Condition": {
        "StringNotEquals": {
          "aws:RequestedRegion": [
            "us-east-1"
          ]
        }
      }
    }
  ]
}
